timestamp,simple-path,time
"2022-06-03 16:49:31.591","/master/welcome",7065
"2022-06-03 16:49:32.041","/master/welcome",377
"2022-06-03 16:49:34.806","/master/sign-in",2705
"2022-06-03 16:49:36.619","/master/welcome",577
"2022-06-03 16:49:38.395","/inventor/pomp/list",1622
"2022-06-03 16:49:40.591","/inventor/pomp/create",1649
"2022-06-03 16:49:42.71","/inventor/pomp/create",581
"2022-06-03 16:49:43.136","/master/welcome",350
"2022-06-03 16:49:43.498","/master/welcome",337
"2022-06-03 16:49:44.168","/master/sign-in",611
"2022-06-03 16:49:45.803","/master/welcome",579
"2022-06-03 16:49:46.527","/inventor/pomp/list",564
"2022-06-03 16:49:47.174","/inventor/pomp/create",572
"2022-06-03 16:49:50.961","/inventor/pomp/list",1641
"2022-06-03 16:49:53.656","/master/welcome",632
"2022-06-03 16:49:54.279","/master/welcome",558
"2022-06-03 16:49:56.953","/master/welcome",568
"2022-06-03 16:49:57.646","/master/welcome",651
"2022-06-03 16:49:58.27","/master/sign-in",563
"2022-06-03 16:49:59.93","/master/welcome",580
"2022-06-03 16:50:01.198","/inventor/pomp/list",565
"2022-06-03 16:50:02.368","/inventor/pomp/create",559
"2022-06-03 16:50:04.49","/inventor/pomp/create",578
"2022-06-03 16:50:05.099","/master/welcome",564
"2022-06-03 16:50:06.27","/master/welcome",588
"2022-06-03 16:50:08.957","/master/welcome",587
"2022-06-03 16:50:09.58","/master/welcome",590
"2022-06-03 16:50:10.733","/master/sign-in",569
"2022-06-03 16:50:12.117","/master/welcome",582
"2022-06-03 16:50:13.377","/inventor/pomp/list",566
"2022-06-03 16:50:14.544","/inventor/pomp/create",561
"2022-06-03 16:50:16.813","/inventor/pomp/create",576
"2022-06-03 16:50:17.426","/master/welcome",567
"2022-06-03 16:50:18.05","/master/welcome",564
"2022-06-03 16:50:20.734","/master/welcome",600
"2022-06-03 16:50:21.076","/master/welcome",318
"2022-06-03 16:50:22.233","/master/sign-in",569
"2022-06-03 16:50:23.622","/master/welcome",589
"2022-06-03 16:50:24.868","/inventor/pomp/list",554
"2022-06-03 16:50:26.039","/inventor/pomp/create",560
"2022-06-03 16:50:28.164","/inventor/pomp/create",581
"2022-06-03 16:50:28.565","/master/welcome",353
"2022-06-03 16:50:29.186","/master/welcome",560
"2022-06-03 16:50:31.616","/master/welcome",343
"2022-06-03 16:50:32.194","/master/welcome",546
"2022-06-03 16:50:33.334","/master/sign-in",551
"2022-06-03 16:50:34.705","/master/welcome",582
"2022-06-03 16:50:35.96","/inventor/pomp/list",565
"2022-06-03 16:50:37.144","/inventor/pomp/create",572
"2022-06-03 16:50:39.507","/inventor/pomp/create",594
"2022-06-03 16:50:39.914","/master/welcome",366
"2022-06-03 16:50:40.537","/master/welcome",561
"2022-06-03 16:50:42.958","/master/welcome",330
"2022-06-03 16:50:43.554","/master/welcome",557
"2022-06-03 16:50:44.708","/master/sign-in",572
"2022-06-03 16:50:46.081","/master/welcome",583
"2022-06-03 16:50:47.347","/inventor/pomp/list",560
"2022-06-03 16:50:48.52","/inventor/pomp/create",560
"2022-06-03 16:50:50.641","/inventor/pomp/create",575
"2022-06-03 16:50:51.313","/master/welcome",622
"2022-06-03 16:50:51.951","/master/welcome",572
"2022-06-03 16:50:54.393","/master/welcome",359
"2022-06-03 16:50:54.816","/master/welcome",323
"2022-06-03 16:50:55.43","/master/sign-in",553
"2022-06-03 16:50:57.192","/master/welcome",573
"2022-06-03 16:50:57.923","/inventor/pomp/list",557
"2022-06-03 16:50:58.603","/inventor/pomp/create",597
"2022-06-03 16:51:00.266","/inventor/pomp/create",580
"2022-06-03 16:51:00.621","/master/welcome",308
"2022-06-03 16:51:01.245","/master/welcome",554
"2022-06-03 16:51:03.699","/master/welcome",358
"2022-06-03 16:51:04.06","/master/welcome",326
"2022-06-03 16:51:04.702","/master/sign-in",582
"2022-06-03 16:51:06.382","/master/welcome",582
"2022-06-03 16:51:07.095","/inventor/pomp/list",552
"2022-06-03 16:51:07.754","/inventor/pomp/create",582
"2022-06-03 16:51:09.404","/inventor/pomp/create",581
"2022-06-03 16:51:09.787","/master/welcome",340
"2022-06-03 16:51:10.414","/master/welcome",563
"2022-06-03 16:51:13.439","/master/welcome",382
"2022-06-03 16:51:13.919","/master/welcome",449
"2022-06-03 16:51:14.546","/master/sign-in",565
"2022-06-03 16:51:16.194","/master/welcome",579
"2022-06-03 16:51:16.914","/inventor/pomp/list",568
"2022-06-03 16:51:17.588","/inventor/pomp/create",566
"2022-06-03 16:51:19.191","/inventor/pomp/create",565
"2022-06-03 16:51:19.586","/master/welcome",348
"2022-06-03 16:51:20.209","/master/welcome",563
"2022-06-03 16:51:22.722","/master/welcome",417
"2022-06-03 16:51:23.05","/master/welcome",296
"2022-06-03 16:51:23.672","/master/sign-in",563
"2022-06-03 16:51:25.268","/master/welcome",559
"2022-06-03 16:51:26.02","/inventor/pomp/list",564
"2022-06-03 16:51:26.66","/inventor/pomp/create",561
"2022-06-03 16:51:28.254","/inventor/pomp/create",565
"2022-06-03 16:51:28.676","/master/welcome",380
"2022-06-03 16:51:29.307","/master/welcome",563
"2022-06-03 16:51:31.742","/master/welcome",332
"2022-06-03 16:51:32.091","/master/welcome",321
"2022-06-03 16:51:32.709","/master/sign-in",563
"2022-06-03 16:51:34.322","/master/welcome",581
"2022-06-03 16:51:35.046","/inventor/pomp/list",564
"2022-06-03 16:51:35.692","/inventor/pomp/create",567
"2022-06-03 16:51:37.29","/inventor/pomp/create",580
"2022-06-03 16:51:37.71","/master/welcome",382
"2022-06-03 16:51:38.35","/master/welcome",576
"2022-06-03 16:51:40.849","/master/welcome",402
"2022-06-03 16:51:41.205","/master/welcome",331
"2022-06-03 16:51:41.848","/master/sign-in",571
"2022-06-03 16:51:43.477","/master/welcome",580
"2022-06-03 16:51:44.212","/inventor/pomp/list",574
"2022-06-03 16:51:44.847","/inventor/pomp/create",558
"2022-06-03 16:51:46.435","/inventor/pomp/create",574
"2022-06-03 16:51:46.888","/master/welcome",392
"2022-06-03 16:51:47.522","/master/welcome",576
"2022-06-03 16:51:49.989","/master/welcome",379
"2022-06-03 16:51:50.382","/master/welcome",362
"2022-06-03 16:51:51.005","/master/sign-in",561
"2022-06-03 16:51:52.619","/master/welcome",580
"2022-06-03 16:51:53.368","/inventor/pomp/list",569
"2022-06-03 16:51:54.008","/inventor/pomp/create",567
"2022-06-03 16:51:55.642","/inventor/pomp/create",570
"2022-06-03 16:51:56.036","/master/welcome",345
"2022-06-03 16:51:56.657","/master/welcome",560
"2022-06-03 16:51:59.103","/master/welcome",365
"2022-06-03 16:51:59.464","/master/welcome",329
"2022-06-03 16:52:00.085","/master/sign-in",559
"2022-06-03 16:52:01.691","/master/welcome",574
"2022-06-03 16:52:02.414","/inventor/pomp/list",568
"2022-06-03 16:52:03.052","/inventor/pomp/create",562
"2022-06-03 16:52:04.771","/inventor/pomp/create",577
"2022-06-03 16:52:05.208","/master/welcome",388
"2022-06-03 16:52:05.83","/master/welcome",568
"2022-06-03 16:52:08.272","/master/welcome",366
"2022-06-03 16:52:08.62","/master/welcome",311
"2022-06-03 16:52:09.26","/master/sign-in",579
"2022-06-03 16:52:10.845","/master/welcome",578
"2022-06-03 16:52:11.568","/inventor/pomp/list",571
"2022-06-03 16:52:12.221","/inventor/pomp/create",571
"2022-06-03 16:52:13.839","/inventor/pomp/create",580
"2022-06-03 16:52:14.233","/master/welcome",337
"2022-06-03 16:52:14.855","/master/welcome",567
"2022-06-03 16:52:17.292","/master/welcome",370
"2022-06-03 16:52:17.668","/master/welcome",343
"2022-06-03 16:52:18.309","/master/sign-in",585
"2022-06-03 16:52:19.919","/master/welcome",574
"2022-06-03 16:52:20.628","/inventor/pomp/list",558
"2022-06-03 16:52:21.266","/inventor/pomp/create",559
"2022-06-03 16:52:22.894","/inventor/pomp/create",574
"2022-06-03 16:52:23.365","/master/welcome",436
"2022-06-03 16:52:23.992","/master/welcome",564
"2022-06-03 16:52:26.419","/master/welcome",351
"2022-06-03 16:52:26.763","/master/welcome",316
"2022-06-03 16:52:27.391","/master/sign-in",565
"2022-06-03 16:52:28.962","/master/welcome",566
"2022-06-03 16:52:29.681","/inventor/pomp/list",563
"2022-06-03 16:52:30.32","/inventor/pomp/create",562
"2022-06-03 16:52:31.909","/inventor/pomp/create",568
"2022-06-03 16:52:32.3","/master/welcome",348
"2022-06-03 16:52:32.941","/master/welcome",579
"2022-06-03 16:52:35.353","/master/welcome",335
"2022-06-03 16:52:35.698","/master/welcome",319
"2022-06-03 16:52:36.33","/master/sign-in",568
"2022-06-03 16:52:37.929","/master/welcome",574
"2022-06-03 16:52:38.646","/inventor/pomp/list",562
"2022-06-03 16:52:39.288","/inventor/pomp/create",564
"2022-06-03 16:52:40.914","/inventor/pomp/create",579
"2022-06-03 16:52:41.363","/master/welcome",401
"2022-06-03 16:52:41.988","/master/welcome",563
"2022-06-03 16:52:44.366","/master/welcome",304
"2022-06-03 16:52:44.687","/master/welcome",289
"2022-06-03 16:52:45.31","/master/sign-in",565
"2022-06-03 16:52:46.587","/master/welcome",571
"2022-06-03 16:52:47.295","/inventor/pomp/list",551
"2022-06-03 16:52:47.936","/inventor/pomp/create",563
"2022-06-03 16:52:49.584","/inventor/pomp/create",581
"2022-06-03 16:52:49.951","/master/welcome",317
"2022-06-03 16:52:50.573","/master/welcome",565
"2022-06-03 16:52:53.02","/master/welcome",292
"2022-06-03 16:52:53.414","/master/welcome",363
"2022-06-03 16:52:54.038","/master/sign-in",564
"2022-06-03 16:52:55.303","/master/welcome",578
"2022-06-03 16:52:56.103","/inventor/pomp/create",746
"2022-06-03 16:52:56.481","/master/welcome",330
"2022-06-03 16:52:57.112","/master/welcome",563
"2022-06-03 16:52:59.471","/master/welcome",287
"2022-06-03 16:53:00.103","/master/sign-in",568
"2022-06-03 16:53:01.356","/master/welcome",562
"2022-06-03 16:53:01.75","/inventor/pomp/create",332
